run_id,epoch,step,val_loss,val_cosine,val_effective_rank,val_subject_balanced_context_shuffle_loss_gap
b01-mask-light,2,78,0.62832328855481923,0.67629039083790576,5.3749527931213379,1.5173666179180147e-05
b01-mask-light,4,156,0.61145456631978357,0.66282445447057736,5.9255003929138184,3.0788655082384744e-05
b01-mask-light,6,234,0.64903011128433752,0.59905793829860854,6.5886330604553223,8.0989487469196336e-05
b01-mask-light,8,312,0.62064694848834956,0.6539239577758007,7.2419238090515137,8.054987216989203e-05
b01-mask-light,10,390,0.58925302772440458,0.68491967671956766,7.8706779479980469,9.7870361059904099e-05
b01-mask-light,12,468,0.56973116723900163,0.69730901157754099,8.0800819396972656,9.519243612885473e-05
b01-mask-light,14,546,0.5534563553638947,0.70571293229730725,8.4433832168579102,0.00011462955735623837
b01-mask-light,16,624,0.53671105600829816,0.71529095549868726,8.7613859176635742,0.00011848923750221735
b01-mask-light,18,702,0.52174634607429182,0.72225332565796685,9.195490837097168,0.00012407313721875357
b01-mask-light,20,780,0.50436901689594626,0.73165704704757428,9.2757024765014648,0.00013993290873865285
b01-mask-light,22,858,0.48895303280944497,0.73952392991791427,9.536646842956543,0.00013991150384147963
b01-mask-light,24,936,0.47432340082959235,0.74651018269041669,9.7587671279907227,0.00015375772491097445
b01-mask-light,26,1014,0.46218990158830953,0.75193152825037635,9.8978290557861328,0.00014939140528440472
b01-mask-light,28,1092,0.45086328927268332,0.75673786034950841,9.9044580459594727,0.00015651104040443896
b01-mask-light,30,1170,0.4402012409817459,0.76100082122362578,9.9883575439453125,0.00017157479499777157
b01-mask-light,32,1248,0.4317642358633188,0.76409064704536378,10.149319648742676,0.00017692352024217448
b01-mask-light,34,1326,0.42374423986826187,0.7669343087408278,10.350379943847656,0.00018739242417116958
b01-mask-light,36,1404,0.41740851855685568,0.76904702645081735,10.43614387512207,0.00020308994377652811
b01-mask-light,38,1482,0.41223304241131514,0.77049976485407246,10.540349960327148,0.00021470282226800923
b01-mask-light,40,1560,0.40760025789595056,0.77169204267681157,10.56761360168457,0.00021401494741439818
b01-mask-light,42,1638,0.40343579369732457,0.77282177230231786,10.630789756774902,0.00022422443144023418
b01-mask-light,44,1716,0.40010481869053638,0.77348590406597173,10.498201370239258,0.00023967044738431778
b01-mask-light,46,1794,0.39708249487428582,0.77426578142704106,10.588706016540527,0.0002497031819075346
b01-mask-light,48,1872,0.39501257762949693,0.77456804575064242,10.61162281036377,0.00026053902693092809
b01-mask-light,50,1950,0.39270749229651231,0.7750590285684309,10.559980392456055,0.00027449491123358405
b01-mask-light,52,2028,0.39104471145532071,0.77527053437681281,10.67146110534668,0.00028095444043477392
b01-mask-light,54,2106,0.38918576688847989,0.77564458867423558,10.592619895935059,0.00029284027405083177
b01-mask-light,56,2184,0.38793210545156753,0.7757824261983236,10.545161247253418,0.00030577997677028185
b01-mask-light,58,2262,0.38692282458655852,0.77581907235659087,10.632518768310547,0.00030624891320864354
b01-mask-light,60,2340,0.38602812371702278,0.77585596865058959,10.563595771789551,0.00031331296389301613
b01-mask-light,62,2418,0.38531001307006574,0.77582047128269815,10.604465484619141,0.00031417572560409702
b01-mask-light,64,2496,0.3846300427730267,0.77584931687412095,10.583342552185059,0.0003196882704893746
b01-mask-light,66,2574,0.38409094958223849,0.77580451965332031,10.601740837097168,0.00032578591878215478
b01-mask-light,68,2652,0.38363256719377303,0.77577039472058285,10.697049140930176,0.00033131659341355171
b01-mask-light,70,2730,0.3831651093613388,0.77573257582819355,10.703375816345215,0.00033365404233336442
b01-mask-light,72,2808,0.38286127137322712,0.77561901165888858,10.677974700927734,0.00033955577140053119
b01-mask-light,74,2886,0.38266984417907191,0.77552726177068854,10.66358757019043,0.00034409345438083023
b01-mask-light,76,2964,0.38249133489070797,0.77538758465367508,10.778101921081543,0.00034562724952896427
b01-mask-light,78,3042,0.38244314045987576,0.77527167858221591,10.747766494750977,0.00034575109990934538
b01-mask-light,80,3120,0.38239954832272655,0.77515280959952593,10.835460662841797,0.00034701291782160605
b01-mask-light,82,3198,0.38230628131801248,0.77507803226128602,10.832175254821777,0.00034990999847650517
b01-mask-light,84,3276,0.38231788995938426,0.7749384101639446,10.831653594970703,0.00035190150762597712
b01-mask-light,86,3354,0.38231444588074315,0.77487857372332847,10.840951919555664,0.00035159013544519742
b01-mask-light,88,3432,0.38230459277446455,0.77481516966452968,10.859282493591309,0.00035210195928812025
b01-mask-light,90,3510,0.38231246262534052,0.77475173758645344,10.883174896240234,0.00035451073199510569
b01-mask-light,92,3588,0.38232104340170181,0.77469840824094593,10.864751815795898,0.00035453055364390214
b01-mask-light,94,3666,0.38235988270523202,0.77464579211341011,10.897767066955566,0.00035427408292889603
b01-mask-light,96,3744,0.38237780485397732,0.7746197092227447,10.914562225341797,0.00035395463928580275
b01-mask-light,98,3822,0.38238275025644874,0.7746082926407839,10.902161598205566,0.00035448060370981695
b01-mask-light,100,3900,0.38230621203398091,0.77461487156713116,10.916805267333984,0.00035457868749896686
b02-mask-light-clip-var,2,78,0.64262427020276713,0.6607897001453954,1.9145848751068115,3.35594949622949e-05
b02-mask-light-clip-var,4,156,0.57154962802544618,0.73064781101340925,4.7114081382751465,0.0002027015201747417
b02-mask-light-clip-var,6,234,0.60950707574175977,0.66707767023999465,8.1627006530761719,0.009521599362293881
b02-mask-light-clip-var,8,312,0.601249246006338,0.68858710211566376,15.180384635925293,0.022265770472586155
b02-mask-light-clip-var,10,390,0.57694104594043183,0.71775324273313212,21.786384582519531,0.032547141239047048
b02-mask-light-clip-var,12,468,0.5656697474993192,0.72082636906550479,27.186681747436523,0.040326573606580499
b02-mask-light-clip-var,14,546,0.55701340976943314,0.72307664665401494,29.854045867919922,0.049561298498883848
b02-mask-light-clip-var,16,624,0.56074305222584653,0.71208875250612569,35.554512023925781,0.055351144168525948
b02-mask-light-clip-var,18,702,0.56285217531725895,0.70641680456634259,39.811611175537109,0.057476618528986965
b02-mask-light-clip-var,20,780,0.564546400665218,0.7028604857941978,42.885498046875,0.063454149958367165
b02-mask-light-clip-var,22,858,0.56600735839615524,0.70019252127052367,45.104194641113281,0.069208497786894446
b02-mask-light-clip-var,24,936,0.56605361618547356,0.69927286235695207,47.361560821533203,0.073281385175262906
b02-mask-light-clip-var,26,1014,0.56682412390016079,0.69746715594560671,51.405414581298828,0.076619433130448084
b02-mask-light-clip-var,28,1092,0.56574560892887604,0.69809256812446141,52.159538269042969,0.081918806085983925
b02-mask-light-clip-var,30,1170,0.56514536825000727,0.69848340851628887,56.112388610839844,0.085645940822238711
b02-mask-light-clip-var,32,1248,0.56496647586170423,0.69803404043882322,53.582340240478516,0.086395793346067284
b02-mask-light-clip-var,34,1326,0.56505730671760368,0.69739825399512922,59.127983093261719,0.092471795389428707
b02-mask-light-clip-var,36,1404,0.56277117922774744,0.69987390489659762,60.852870941162109,0.092263382145514078
b02-mask-light-clip-var,38,1482,0.56414287365399873,0.69756371241349435,61.244781494140625,0.094208793745686567
b02-mask-light-clip-var,40,1560,0.56301826493352902,0.6988549904945569,62.478672027587891,0.096209041712184779
b02-mask-light-clip-var,42,1638,0.56054325898488366,0.7018028385618813,65.340072631835938,0.099429600235695623
b02-mask-light-clip-var,44,1716,0.56192700424764908,0.6998448830384475,65.480583190917969,0.099501437911142881
b02-mask-light-clip-var,46,1794,0.55993781945644283,0.70179147241461992,66.403755187988281,0.10263374545611439
b02-mask-light-clip-var,48,1872,0.55992992769958627,0.70175513243063903,66.788375854492188,0.10140983668776848
b02-mask-light-clip-var,50,1950,0.56098236130852985,0.70023272842423534,67.567886352539062,0.10197190561642251
b02-mask-light-clip-var,52,2028,0.55982840825349856,0.70136639908847642,65.853767395019531,0.10480824504047632
b02-mask-light-clip-var,54,2106,0.55781057604357731,0.7036867162101289,69.167282104492188,0.10445248237811031
b02-mask-light-clip-var,56,2184,0.5589508404079665,0.70212537203079617,67.980255126953125,0.1059303463436663
b02-mask-light-clip-var,58,2262,0.55917437820353055,0.70173637938295674,71.451622009277344,0.10550829955997569
b02-mask-light-clip-var,60,2340,0.5575039188067118,0.70361035552799189,70.719436645507812,0.10630876384675503
b02-mask-light-clip-var,62,2418,0.55885966873576498,0.7018541209718101,71.056640625,0.10667902145845191
b02-mask-light-clip-var,64,2496,0.55676934861729288,0.70424431256758857,72.607345581054688,0.10873189965883889
b02-mask-light-clip-var,66,2574,0.55635460319682062,0.70460019101444471,71.533607482910156,0.10847160463842258
b02-mask-light-clip-var,68,2652,0.55676524302898311,0.70397175275362456,72.350288391113281,0.11044973513732356
b02-mask-light-clip-var,70,2730,0.55610893934200967,0.70465017842431354,72.362083435058594,0.11113546766961617
b02-mask-light-clip-var,72,2808,0.55514573032020509,0.70580122868220008,73.775718688964844,0.11110441009514034
b02-mask-light-clip-var,74,2886,0.55594840875038731,0.70467079908419883,73.562454223632812,0.11214261956823365
b02-mask-light-clip-var,76,2964,0.55514998568428886,0.70568945774665248,74.715591430664062,0.11280922574612
b02-mask-light-clip-var,78,3042,0.55574136666762519,0.70485350311311901,75.178672790527344,0.11160851682846744
b02-mask-light-clip-var,80,3120,0.55555136896606183,0.7050690768111465,74.744346618652344,0.11238860107647874
b02-mask-light-clip-var,82,3198,0.55519988801744247,0.7054552863805722,75.094696044921875,0.11181716433105371
b02-mask-light-clip-var,84,3276,0.55466156230013597,0.70607402232977057,75.187889099121094,0.11363247249585887
b02-mask-light-clip-var,86,3354,0.55539112926548362,0.70515683726367784,75.267196655273438,0.11333255236968398
b02-mask-light-clip-var,88,3432,0.55536916979357731,0.7051318751441108,75.519027709960938,0.11314974082633851
b02-mask-light-clip-var,90,3510,0.55501429036132288,0.70551587526614845,75.897979736328125,0.11300562326796353
b02-mask-light-clip-var,92,3588,0.55531552510383797,0.70515917610918355,75.916114807128906,0.11351179921378692
b02-mask-light-clip-var,94,3666,0.55528839785828554,0.7051893681542486,76.084480285644531,0.11326043205335734
b02-mask-light-clip-var,96,3744,0.5553360749513675,0.70512558201439357,75.9063720703125,0.11356745904001098
b02-mask-light-clip-var,98,3822,0.55550493643834042,0.70491531567695809,76.001449584960938,0.11373456711880865
b02-mask-light-clip-var,100,3900,0.55540252139425683,0.70503328600500381,75.86993408203125,0.11335614649578929
